Lexicon;United States of America;North America
Tinush;Germany;Europe
Scarecrow Blues Hip Hop;France;Europe
Dr. Syntax;United Kingdom;Europe
Blasta , Solo Banton;Germany;Europe
Proleter;France;Europe
Icicle;United Kingdom;Europe
Stoney Moe;Germany;Europe
Klopfgeister;Germany;Europe
Prince Fatty;United States of America;North America
Kahn;United Kingdom;Europe
Guilty Simpson;United States of America;North America
Cosmo Sheldrake;United Kingdom;Europe
MC Madjah;France;Europe
Illuminati Congo;missing;missing
Joshi Mizu;Germany;Europe
Zonderling;Netherlands;Europe
Herr von Grau;Germany;Europe
Dub Inc.;Egypt;Africa
Grant Lazlo;Germany;Europe
Rob Viktum;United States of America;North America
N'to;Germany;Europe
Ganja White Night;Turks and Caicos Islands;North America
Banx & Ranx;Canada;North America
Sido;Germany;Europe
Romare;United Kingdom;Europe
Gater;Germany;Europe
Dreadsquad;Poland;Europe
Calyx;United Kingdom;Europe
Flox;France;Europe
DJ Krush;Japan;Asia
Milonair;Germany;Europe
Danger Doom;United States of America;North America
Boeboe;Netherlands;Europe
Mala;United Kingdom;Europe
Cypress Hill;United Kingdom;Europe
DJ Premier;Turks and Caicos Islands;North America
Kimyan Law;United Kingdom;Europe
Be Svendsen;Denmark;Europe
N3gus;missing;missing
Megaloh;Germany;Europe
Kontra K;Germany;Europe
Akshin Alizadeh;United States of America;North America
Junior Kelly;United States of America;North America
Wax Wreckaz;Germany;Europe
Soom T;United Kingdom;Europe
Shabazz the Disciple;United States of America;North America
Fever Ray;Sweden;Europe
The Handsome Family;United Kingdom;Europe
Ocean Wisdom;United Kingdom;Europe
Mustard Pimp;United States of America;North America
20syl;France;Europe
Saez;France;Europe
LMK;France;Europe
Hilight Tribe;France;Europe
Tetra Hydro K;United States of America;North America
Aya Waska;France;Europe
Hilight Tribe;France;Europe
Nôze;Germany;Europe
Max Romeo;United States of America;North America
Bellaroush;Sweden;Europe
Liquid Stranger;Canada;North America
Jamaram;Germany;Europe
Kronfeld;Germany;Europe
Wayne Marshall;missing;missing
Hippie Sabotage;United States of America;North America
Nneka;Germany;Europe
Berner;United States of America;North America
Ambassadeurs;United Kingdom;Europe
Upgrade;Belgium;Europe
Mandragora;United Kingdom;Europe
Iriepathie;Austria;Europe
Kognitif;Turks and Caicos Islands;North America
Senix;Germany;Europe
Mandragora;United Kingdom;Europe
Blackalicious;United States of America;North America
Ganja White Night;Turks and Caicos Islands;North America
Mandragora;United Kingdom;Europe
Lack Of Afro;United Kingdom;Europe
TENDER;United States of America;North America
Dan Croll;United Kingdom;Europe
ABSRDST;United States of America;North America
Laserkraft 3D;Germany;Europe
Childish Gambino;United States of America;North America
XS Project;Turks and Caicos Islands;North America
Grouch;United Kingdom;Europe
Space Jesus;Turks and Caicos Islands;North America
Morten Granau;Israel;Asia
Phaxe;Germany;Europe
Grand Soleil;France;Europe
Armin van Buuren;Netherlands;Europe
Desert Dwellers;United States of America;North America
Clyde P;France;Europe
Blastoyz;Belgium;Europe
Coming Soon!!!;Germany;Europe
Ranji;Germany;Europe
Guru;United States of America;North America
Royal Flush;Germany;Europe
Christopher Schwarzwälder;Germany;Europe
Hi Profile;United Kingdom;Europe
Querox;Germany;Europe
Marsimoto;Germany;Europe
Zeier;missing;missing
I-FIRE;Germany;Europe
Marla Blumenblatt;Germany;Europe
St. John;United States of America;North America
Fant4stik;France;Europe
Beginner;Germany;Europe
Natureboy Flako;United Kingdom;Europe
Tinush;Sweden;Europe
PaulWetz;Turks and Caicos Islands;North America
Class A;Germany;Europe
Interactive Noise;Germany;Europe
Dan Farber;United States of America;North America
Caspa;United Kingdom;Europe
Neodisco;Austria;Europe
Alix Perez;United States of America;North America
Neuromonakh Feofan;Turks and Caicos Islands;North America
Oriente;United States of America;North America
Comah;United Kingdom;Europe
Miwata;Germany;Europe
IHF;Turks and Caicos Islands;North America
Damian Marley;United States of America;North America
ABBY;Germany;Europe
Dark Sky;Germany;Europe
Ed Scissor;United Kingdom;Europe
Instant Party! & Breaux;missing;missing
Mira (Berlin);Germany;Europe
Jacob Tillberg;Sweden;Europe
Sekuoia;Germany;Europe
Amp Live;United States of America;North America
Mandragora;United Kingdom;Europe
Mandragora;United Kingdom;Europe
Ruback;Germany;Europe
Electric Universe;United States of America;North America
Macky Gee;United Kingdom;Europe
Skipper;Denmark;Europe
1200 Micrograms;United States of America;North America
Lliam Taylor;United Kingdom;Europe
Martin Ikin;missing;missing
Curry & Krawall;Germany;Europe
Rhymin Simon;Germany;Europe
Lil Fetti Boi;United Kingdom;Europe
Boogie Vice;Greece;Europe
Interactive Noise;Germany;Europe
Morillo;Turks and Caicos Islands;North America
Soom T;United Kingdom;Europe
K-391;Turks and Caicos Islands;North America
Felix Jaehn;Germany;Europe
Ace Ventura;Denmark;Europe
Wet Paint;France;Europe
Five Knives;United States of America;North America
Technical Hitch;Germany;Europe
Kid Simius;Germany;Europe
ICHI;United States of America;North America
De Sluwe Vos;Netherlands;Europe
Paul Ritch;United Kingdom;Europe
Mandragora;United Kingdom;Europe
Ana Tijoux;Chile;South America
Sör És Fű;Hungary;Europe
Vintage Culture;missing;missing
Neelix;Germany;Europe
Neelix;Germany;Europe
Sesto Sento;Belgium;Europe
Junior Vieira;United Kingdom;Europe
Junior Vieira;United Kingdom;Europe
The Synchronizers;Germany;Europe
De La Bass;United States of America;North America
Boombox Cartel;Turks and Caicos Islands;North America
Semedo;Germany;Europe
Apex Rise;Netherlands;Europe
Sam Collins;Germany;Europe
Casper;Germany;Europe
Kimyan Law;United Kingdom;Europe
Hilight Tribe;France;Europe
Blastoyz;Belgium;Europe
Boogie Vice;missing;missing
MC Kevinho;missing;missing
Marc Spence;France;Europe
Apashe;Canada;North America
Liquid Soul;Germany;Europe
Ricky Tuff;United States of America;North America
Sleepin' Is Cheatin;United Kingdom;Europe
Hi Profile;United Kingdom;Europe
DJ Vadim;United Kingdom;Europe
Hi Profile;United Kingdom;Europe
1200 Micrograms;United Kingdom;Europe
Liquid Soul;Germany;Europe
Chapeleiro;United States of America;North America
Malaa;United States of America;North America
Astrix;United States of America;North America
illusionize;Germany;Europe
Vini Vici;Denmark;Europe
Mandragora;United Kingdom;Europe
Neelix;Germany;Europe
Mandragora;United Kingdom;Europe
Liquid Soul;Denmark;Europe
Hi Profile;United Kingdom;Europe
Dimatik;Australia;Oceania
Kill Frenzy;United States of America;North America
Kabaka Pyramid;Jamaica;North America
The Beatangers;Germany;Europe
XS Project;Turks and Caicos Islands;North America
Woo2Tech;Brazil;South America
Mandragora;United States of America;North America
XS Project;Turks and Caicos Islands;North America
Mattiv;United Kingdom;Europe
Format:B;Germany;Europe
James Marvel;United Kingdom;Europe
Ivy Lab;United Kingdom;Europe
Ketamane OSC';Netherlands;Europe
AllttA;France;Europe
Vök;Germany;Europe
Billx;France;Europe
The Oddword;Germany;Europe
Beauty Brain;Brazil;South America
Omiki;Germany;Europe
Indra;United States of America;North America
Vini Vici;Denmark;Europe
Simon Patterson;Netherlands;Europe
Zyce;United Kingdom;Europe
Zyce;United Kingdom;Europe
XS Project;Turks and Caicos Islands;North America
Annix;United Kingdom;Europe
MNNR;missing;missing
Matty Lincoln;Germany;Europe
Dj Guv;United Kingdom;Europe
Michael Woods;missing;missing
Berg;Germany;Europe
XS Project;Turks and Caicos Islands;North America
Ace Ventura;Denmark;Europe
Will Sparks;Australia;Oceania
Gopnik McBlyat;Turks and Caicos Islands;North America
Shanti People;Italy;Europe
Vegas (Brazil);United Kingdom;Europe
Dzp;United Kingdom;Europe
Aggz;Bulgaria;Europe
Kalki;United Kingdom;Europe
Taiwan MC;France;Europe
Michael Woods;missing;missing
The Inexplicables;Turks and Caicos Islands;North America
Subculture Sage;France;Europe
Two Birds;missing;missing
Mandragora;United Kingdom;Europe
Shanti People;United Kingdom;Europe
AC Slater;United States of America;North America
Tommie Sunshine;United States of America;North America
Sonny Moko;United Kingdom;Europe
Lemur;Germany;Europe
Kollektiv Turmstrasse;Germany;Europe
Tropical Bleyage;United Kingdom;Europe
Kavabanga & Depo & Kolibri with MiyaGi;missing;missing
Belik Boom;missing;missing
Macky Gee;missing;missing
Morten Granau;Denmark;Europe
Commodo;United Kingdom;Europe
Feder;France;Europe
Gregori Hawk;United Kingdom;Europe
Ego Trippin;United Kingdom;Europe
Logan D;United Kingdom;Europe
Ego Trippin;United Kingdom;Europe
Die Antwoord;United Kingdom;Europe
Hard Bass School;missing;missing
DJ Cotty;United Kingdom;Europe
DJ Blyatman;missing;missing
S3RL;Australia;Oceania
Nanci & Phoebe;United Kingdom;Europe
Hard Bass School;France;Europe
Aura Vortex;United Kingdom;Europe
Vice;United States of America;North America
Die Antwoord;United Kingdom;Europe
Mandragora;missing;missing
Vini Vici;Denmark;Europe
Mandragora;United Kingdom;Europe
Indianix;United Kingdom;Europe
Zserbó;Hungary;Europe
Mandragora;United Kingdom;Europe
Shpongle;United States of America;North America
Omiki;Germany;Europe
Shanti People;Australia;Oceania
Dave Darell;Germany;Europe
Aliman;United Kingdom;Europe
Yahel;United Kingdom;Europe
Trap City ME;missing;missing
Infected Mushroom;United States of America;North America
Belik Boom;missing;missing
Groundbass;Turks and Caicos Islands;North America
Major7;United Kingdom;Europe
Croatia Squad;Switzerland;Europe
Ñarkiš;missing;missing
Shiba San;United States of America;North America
X-Noize;Belgium;Europe
Format:B;Germany;Europe
Dang3r;United Kingdom;Europe
Groundbass;Turks and Caicos Islands;North America
Skazi;United States of America;North America
Capital Monkey;United Kingdom;Europe
Eight Sin;United Kingdom;Europe
4i20;United Kingdom;Europe
Mandragora;United Kingdom;Europe
