Voodoo;Lexicon;Youth Is Yours;3;60;US25X0703602;North America;United States of America
Little Man - Original;Tinush;Wasser, Brot Und Improvisieren;6;17;DEAR41223854;Europe;Germany
The Well;Scarecrow Blues Hip Hop;The Well;3;11;FR9W11400601;Europe;France
Turn the Sound up!;Dr. Syntax;Elaborate Anoraks;2;59;GB2X71100045;Europe;United Kingdom
Burn Babylon Coke;Blasta , Solo Banton;Burn Babylon Coke;4;42;DEKB70913156;Europe;Germany
Faidherbe Square feat. Mister Colfer and DJ Crabees;Proleter;Curses From Past Times EP;3;52;FRP621313460;Europe;France
Arrows;Icicle;Under the Ice;4;07;GBPWR1100126;Europe;United Kingdom
Mach dein Ding;Stoney Moe;Babylon Evangelium;3;28;DEKE51202484;Europe;Germany
Upgrade;Klopfgeister;Smiles & More;7;46;DEKC41200253;Europe;Germany
Insane In The Brain ft. Horseman;Prince Fatty;Supersize;3;22;USA561045439;North America;United States of America
Badman City;Kahn;Kahn - EP;4;14;GB6NV1300006;Europe;United Kingdom
Fitta Happier;Guilty Simpson;Quakers;2;45;US2S71284003;North America;United States of America
Rich;Cosmo Sheldrake;Pelicans We;4;29;GBKZV1425078;Europe;United Kingdom
Libre;MC Madjah;Entre 2 mondes;3;34;FR6V81413744;Europe;France
In Love With Mary Jane;Illuminati Congo;Green Is All I Need;4;08;ushm91333515;missing;missing
MDMA;Joshi Mizu;MDMA;3;49;DEQ121425947;Europe;Germany
Sonderling - Radio Edit;Zonderling;Sonderling;3;47;NLSQ61200010;Europe;Netherlands
Ziehn Digger;Herr von Grau;Freiflug;4;47;DERQ81300005;Europe;Germany
Rude Boy;Dub Inc.;Rarities;5;16;EGA130003890;Africa;Egypt
Quebec;Grant Lazlo;Alibi Afternoon;4;25;DEDW91500617;Europe;Germany
4/15/1998;Rob Viktum;Progress 2;2;25;USTCE1028152;North America;United States of America
Minor Swag;N'to;Monkey Man;6;45;DEAA21400097;Europe;Germany
Brains Escape (feat. Simon);Ganja White Night;Mystic Herbalist;6;26;TCABL1338580;North America;Turks and Caicos Islands
Empire;Banx & Ranx;Empire (Original Mix);3;34;CA5KR1053225;North America;Canada
Ackan;Sido;VI (Deluxe);4;18;DEUM71501573;Europe;Germany
The Blues (It Began in Africa);Romare;Meditations On Afrocentrism EP;3;55;GBTQV0800151;Europe;United Kingdom
Taboo;Gater;Taboo (feat. Chesty Morganstein);4;19;DEBL60408851;Europe;Germany
Money ah dem god (feat. Lady Chann);Dreadsquad;The Riddim Machine;3;10;PLD641200045;Europe;Poland
Pure Gold;Calyx;All Or Nothing;5;32;GBBZH1291502;Europe;United Kingdom
The Words;Flox;The Words (Bonus Version);4;42;FR6V80834987;Europe;France
Kuroi Ame - Black Rain;DJ Krush;Kuroi Ame - Black Rain;4;40;JPZ921201651;Asia;Japan
Jiffen;Milonair;AMG;2;49;DEQ121423208;Europe;Germany
Benzi Box;Danger Doom;The Mouse And The Mask;3;00;USEP40513105;North America;United States of America
Negative ROI;Boeboe;Buy Sell Bye Cell;4;08;NLT461300384;Europe;Netherlands
Changes;Mala;Forgive / Changes;6;51;GBZSU0900007;Europe;United Kingdom
Can't Keep Me Down;Cypress Hill;Cypress X Rusko EP 01;3;23;GBUM71203716;Europe;United Kingdom
Dots;DJ Premier;Beats That Collected Dust Vol. 2;3;06;TCAAZ1187272;North America;Turks and Caicos Islands
Run Ames;Kimyan Law;Coeur Calme;5;10;GB2DL1400026;Europe;United Kingdom
Bones;Be Svendsen;Circle;7;55;DKZVA1460572;Europe;Denmark
Walk the Walk;N3gus;Walk the Walk;3;24;QMBZ91440806;missing;missing
Yogibär;Megaloh;Endlich Unendlich (Deluxe);3;25;DEUM71300191;Europe;Germany
Wölfe;Kontra K;Wölfe;3;38;DEQ321400159;Europe;Germany
Yiddish Love;Akshin Alizadeh;Street Bangerz Volume 8;3;39;USEAX1401586;North America;United States of America
Lots of Herbs;Junior Kelly;Piece of the Pie;3;11;US4R31337374;North America;United States of America
Heavyweight Sound;Wax Wreckaz;Heavyweight Sound (feat. Dynamite MC & Singer Blue);4;16;DEZ651361177;Europe;Germany
Summer Days - Radio Edit;Soom T;Summer Days;3;36;GBW8L1200008;Europe;United Kingdom
Red Hook Day;Shabazz the Disciple;The Book of Shabazz (Hidden Scrollz);4;47;USS1N1067003;North America;United States of America
If I Had a Heart;Fever Ray;Fever Ray (Deluxe Edition);3;48;SEWCE0900201;Europe;Sweden
Far From Any Road;The Handsome Family;Singing Bones;2;48;GBJCP0900421;Europe;United Kingdom
Walkin';Ocean Wisdom;Chaos 93';3;55;GB6ZW1500647;Europe;United Kingdom
The Garden (feat. Puppetmastaz);Mustard Pimp;No Title Or Purpose [Deluxe Edition];3;52;USDM31100081;North America;United States of America
Voices;20syl;Motifs;4;25;FR9T31400005;Europe;France
J'accuse;Saez;J'accuse;4;29;FRZ641000006;Europe;France
Put Your Lighters Up;LMK;Starting Block;3;53;FR0U91402102;Europe;France
Free tibet;Hilight Tribe;Love medicine & natural trance;5;60;FR6V80200781;Europe;France
Le Petit Communiste - Original;Tetra Hydro K;Basse Equitable;4;47;USLZJ1378246;North America;United States of America
Tous les weekend c'est Jamski;Aya Waska;Tous les weekend c'est Jamski;3;33;FR6V80893816;Europe;France
Trancer;Hilight Tribe;Love medicine & natural trance;6;59;FR6V80200782;Europe;France
In The Back Of My Ship (feat. dOP);Nôze;Dring;5;30;DEBE71100025;Europe;Germany
Chase The Devil;Max Romeo;Lee 'Scratch' Perry & The Upsetters: Super Ape & Return Of The Super Ape;6;50;USUM71208214;North America;United States of America
Sun Goes Down (ft. Promoe);Bellaroush;B E L L A R O U S H;4;22;SEVQU1403603;Europe;Sweden
Bombaclaad Star;Liquid Stranger;The Arcane Terrain;7;13;CAM491100002;North America;Canada
Oh My Gosh;Jamaram;Almost Hits;4;03;DESE81300012;Europe;Germany
The Dude;Kronfeld;The Freaks;7;18;DEKC41202058;Europe;Germany
Stupid Money (feat. Assassin);Wayne Marshall;Tru Colors;3;47;QMCTU1300003;missing;missing
I Robbed A Bank;Hippie Sabotage;Vol. 2;4;09;US7SR1400017;North America;United States of America
Book of Job;Nneka;My Fairy Tales;4;31;DEBL61402013;Europe;Germany
Faded;Berner;Prohibition;4;33;USUYG1054205;North America;United States of America
M.O.P.E;Ambassadeurs;M.O.P.E;5;04;GBFBC1501258;Europe;United Kingdom
Moments;Upgrade;Moments;7;03;BEY921507275;Europe;Belgium
Aladin - Original Mix;Mandragora;Aladin;4;49;GBLV61520624;Europe;United Kingdom
Sensimilla;Iriepathie;Aufwiederhören;5;03;ATI211306411;Europe;Austria
Yeah Yeah Yeah;Kognitif;Soul Food;4;08;TCACF1576204;North America;Turks and Caicos Islands
Possible;Senix;Possible;7;10;DENV21000194;Europe;Germany
Bad Motherfucker - Original Mix;Mandragora;Bad Motherfucker;4;25;GBKQU1614345;Europe;United Kingdom
Swan Lake;Blackalicious;Melodica;5;39;USA2P1212008;North America;United States of America
Black Widow;Ganja White Night;Mystic Herbalist;7;27;TCABL1338571;North America;Turks and Caicos Islands
DNA Activation - Original Mix;Mandragora;La Españolita;4;27;GBKQU1532524;Europe;United Kingdom
The Basis;Lack Of Afro;My Groove, Your Move;5;10;GBJSH0925708;Europe;United Kingdom
Outside;TENDER;Outside;4;10;USBQU1600149;North America;United States of America
From Nowhere - Draper Remix;Dan Croll;From Nowhere (Remixes);3;39;GBUM71400560;Europe;United Kingdom
Skin Contest (feat. JSTJR);ABSRDST;Love In The Making;3;59;USA2P1456027;North America;United States of America
Nein Mann - Radio Edit;Laserkraft 3D;SLAM! FM Presents Grand Slam! 2009 Volume 3 & 4;3;49;DEL711010086;Europe;Germany
Redbone;Childish Gambino;Redbone;5;27;USYAH1600107;North America;United States of America
Pokemon Go;XS Project;Pokemon Go;3;41;TCACQ1676727;North America;Turks and Caicos Islands
Deeper - Original Mix;Grouch;Further;7;04;GBKQU1141277;Europe;United Kingdom
Hmu (feat. Clay Parnell & Rory "Sweet Boy" Dolan);Space Jesus;Atom + Eve;4;07;TCABY1400287;North America;Turks and Caicos Islands
The Way Life Should Be;Morten Granau;Music WithOut Borders, Chapter 1;7;02;IL4081000026;Asia;Israel
Angels of Destruction - Neelix Remix;Phaxe;Angels of Destruction (Neelix Remix);7;58;DEKC41400049;Europe;Germany
Indian Poem;Grand Soleil;This Is a Good Day;4;01;FR9W11502772;Europe;France
Great Spirit;Armin van Buuren;Great Spirit;3;36;NLF711609190;Europe;Netherlands
Lotus Heart - (Kalya Scintilla Remix);Desert Dwellers;DownTemple Dub: Remixed;6;42;USWS41212607;North America;United States of America
Blow (Original Mix);Clyde P;Sleep and Fuck - EP;6;41;FR9W11413452;Europe;France
Zoom;Blastoyz;Blastoyz + Friends vol.2;6;41;BEY921607272;Europe;Belgium
Trippin in Paris;Coming Soon!!!;Trippin in Paris;5;37;DEKC41600070;Europe;Germany
Power of Acid;Ranji;Power of Acid - Single;9;08;DEGA21501842;Europe;Germany
Stand Up (Some Things'll Never Change);Guru;Jazzmatazz Vol. 4: The Hip Hop Jazz Messenger (Back to the Future);3;37;USZ820700003;North America;United States of America
ADHD;Royal Flush;ADHD;6;08;DEKC41400111;Europe;Germany
Jakob;Christopher Schwarzwälder;Akumal;6;57;DEH741211343;Europe;Germany
Princess of Tai Mei - Original Mix;Hi Profile;Princess of Tai Mei;7;15;GBKQU1592916;Europe;United Kingdom
You And Me - Original;Querox;The Life & Me;7;54;DEAR41176028;Europe;Germany
Mein Kumpel Spalding;Marsimoto;Grüner Samt;3;25;DEQ321100229;Europe;Germany
Shuffle on (feat. P.keys);Zeier;Shuffle on (feat. P.keys);3;24;QM4DW1507602;missing;missing
Ferien Zu Haus - Original Version;I-FIRE;Ferien Zu Haus;3;51;DEHI50800001;Europe;Germany
Cornetto - Dumme Jungs Remix;Marla Blumenblatt;Cornetto;3;29;DEQ321300137;Europe;Germany
Willing To Die;St. John;Willing To Die;4;09;USA2P1139825;North America;United States of America
Reptilians;Fant4stik;Reptilians;5;31;FR0U91500993;Europe;France
Showmaster;Beginner;Bambule;4;17;DEA859800193;Europe;Germany
Kuku;Natureboy Flako;Natureboy;3;43;GBT7D1100081;Europe;United Kingdom
Je veux - Bonus Track;Tinush;Collection 01;4;33;SE3OH1602708;Europe;Sweden
Slavery (feat. Sena Sener);PaulWetz;Slavery (feat. Sena Sener);3;56;TCACF1568409;North America;Turks and Caicos Islands
Its Only Dreams;Class A;Classic EP;7;56;DEGA21200723;Europe;Germany
Spartan Force;Interactive Noise;The Nine Stories;6;29;DEKC41600025;Europe;Germany
Don't Touch;Dan Farber;Gangsta Sh*t EP;3;50;USDM31572804;North America;United States of America
Blouse an Skirt;Caspa;Blouse an Skirt;3;30;GBZCP1500001;Europe;United Kingdom
Partybitch III;Neodisco;Krawalle und Liebe;4;00;ATB151200171;Europe;Austria
Chiron;Alix Perez;Shades - EP;3;30;US25X1087647;North America;United States of America
Притоптать;Neuromonakh Feofan;Притоптать;2;56;TCACG1549080;North America;Turks and Caicos Islands
Mano Chao;Oriente;Desorientado Sem Cortes;5;46;US7VG1616099;North America;United States of America
La Purge - Original Mix;Comah;La Purge;6;57;GBKQU1507271;Europe;United Kingdom
Kunst;Miwata;Kunst;2;57;DEQK11500130;Europe;Germany
Evolve;IHF;Departure;3;13;TCACS1677159;North America;Turks and Caicos Islands
Caution;Damian Marley;Caution;3;51;USUM71606240;North America;United States of America
This Song Remains Through All - Clockwork Remix;ABBY;Evelyn;6;20;DEUM71302200;Europe;Germany
Shades;Dark Sky;Myriam;8;08;DEOE81220091;Europe;Germany
The Prospector;Ed Scissor;Chavassian Striking Distance;6;55;GB6ZW1500578;Europe;United Kingdom
The Moon of Pejeng;Instant Party! & Breaux;The Moon of Pejeng;3;41;QM4DW1546379;missing;missing
Leila;Mira (Berlin);Leila;7;46;DEY470931329;Europe;Germany
LSD, Not Even Once;Jacob Tillberg;LSD, Not Even Once;2;52;SEJMR1800010;Europe;Sweden
Rituals;Sekuoia;Finest Ego | Faces Series Vol. 3;4;50;DEQ121215942;Europe;Germany
Flight in G Minor (feat. Dirty Cello);Amp Live;Headphone Concerto;4;04;USPG21400034;North America;United States of America
Sem Chão;Mandragora;Sem Chão;4;07;GBLV61642320;Europe;United Kingdom
Shiva Style;Mandragora;Salamandra;4;19;GBLV61637831;Europe;United Kingdom
Technoholic;Ruback;Screenagers;7;00;DEGA21401394;Europe;Germany
The Prayer;Electric Universe;Cosmic Experience;8;49;USA2P0606533;North America;United States of America
Calm Before The Storm;Macky Gee;Calm Before The Storm;4;47;GB8KE1650316;Europe;United Kingdom
Next Level;Skipper;Vini Vici - Best of Our Sets, Vol. 12;7;37;DKZVA1460541;Europe;Denmark
Merijuana - Cortex, Didrapest Remix Part 2;1200 Micrograms;Remix It;6;25;USQY51379522;North America;United States of America
Tekno;Lliam Taylor;Tekno;4;48;GBKPL1670669;Europe;United Kingdom
I Know - Original Mix;Martin Ikin;I Know EP;6;40;QMSNZ1309359;missing;missing
The Soul Condor;Curry & Krawall;The Soul Condor (Remixes);6;14;DEUE11505191;Europe;Germany
Lasst Uns Chillen Schlampen (feat. King Orgasmus One);Rhymin Simon;Egoboost;6;02;DEQ120405344;Europe;Germany
Timmy Turner - Original Version;Lil Fetti Boi;Timmy Turner;3;52;GBLFP1615967;Europe;United Kingdom
Bel Air - Original mix;Boogie Vice;Bel Air;5;10;GRER11400636;Europe;Greece
Black Hole;Interactive Noise;Mind Games;6;15;DEKC41202081;Europe;Germany
Polar Bear;Morillo;Polar Bear;4;08;TCACU1684579;North America;Turks and Caicos Islands
Voice of Dissent;Soom T;Voice of Dissent;3;28;GBW8L1200006;Europe;United Kingdom
Deep Blue;K-391;Deep Blue;4;36;TCACG1589947;North America;Turks and Caicos Islands
Drope;Felix Jaehn;Drope;4;44;DEBL60535459;Europe;Germany
Serenity Now - Mr.What? Remix;Ace Ventura;Vini Vici - Best of Our Sets, Vol. 12;7;48;DKZVA1460543;Europe;Denmark
Gold Lights;Wet Paint;Limitless;3;44;FR59R1491038;Europe;France
Savages - Absence Remix;Five Knives;Savages (Remixes);3;23;USP6L1500055;North America;United States of America
Mama India - Out Now Remix;Technical Hitch;Mama India (Out Now Remix);6;56;DEGA21602091;Europe;Germany
Solid Ground;Kid Simius;Jirafa Waves;3;07;DEQ121638824;Europe;Germany
Abracadabra;ICHI;Shaman;3;23;USLZJ1579841;North America;United States of America
Mercy;De Sluwe Vos;Kontra Album (Part 1);3;24;NLG3P1500005;Europe;Netherlands
Run Baby Run;Paul Ritch;Run Baby Run;8;21;GBUR61200085;Europe;United Kingdom
Big Joint - Original Mix;Mandragora;Big Joint;4;52;GBKQU1694229;Europe;United Kingdom
1977 - Original;Ana Tijoux;1977;3;22;CLEE20901888;South America;Chile
Murderan;Sör És Fű;Enter the Séf;3;31;HUA4M1600017;Europe;Hungary
Do You Remember - Vintage Culture Remix;Vintage Culture;Hollywood;6;52;BXBFB1600019;missing;missing
Mosquito (Well Done Edit);Neelix;Mosquito (Well Done Edit);8;21;DEKC41600131;Europe;Germany
Smoke & Mirrors - Playful Edit;Neelix;RMX;9;18;DEKC41200209;Europe;Germany
Zoombai Warriors Surfing on a Small Chapati Sound in the East of Parvati - Megamix;Sesto Sento;Zoombai Warriors Surfing on a Small Chapati Sound in the East of Parvati (Megamix);7;14;BEY921607228;Europe;Belgium
Weed - Original Mix;Junior Vieira;Minimal Prog;6;45;GBKQU1579734;Europe;United Kingdom
Pesadelo CF - Original Mix;Junior Vieira;Daily Minimal Pack 45.;6;19;GBKQU1579732;Europe;United Kingdom
Fuck That Shit;The Synchronizers;Fuck That Shit;3;45;DEY470939266;Europe;Germany
Going Like - Original Mix;De La Bass;Going Like;3;37;USLZJ1450841;North America;United States of America
Where's My Money;Boombox Cartel;Where's My Money;4;20;TCACG1517337;North America;Turks and Caicos Islands
Some People Say - Original Mix;Semedo;Some People Say;7;01;DES231600021;Europe;Germany
Dope;Apex Rise;Dope;3;01;NLA6K1400420;Europe;Netherlands
Wa Wa - Radio Edit;Sam Collins;Wa Wa;3;04;DEPY31500309;Europe;Germany
Jambalaya - Drunken Masters Remix;Casper;Jambalaya;4;14;DEQ321300370;Europe;Germany
Magic;Kimyan Law;Zawadi;5;26;GB2DL1600004;Europe;United Kingdom
Eagle Eye;Hilight Tribe;Temple of Light;7;24;FR58Y1600002;Europe;France
Parvati Valley;Blastoyz;Parvati Valley;6;46;BEY921607205;Europe;Belgium
Fat Beat - Original Mix;Boogie Vice;Fat Beat;6;41;QZS1Z1622889;missing;missing
Tumbalatum;MC Kevinho;Tumbalatum;2;03;QZ5AB1614826;missing;missing
Nasty;Marc Spence;Nasty / Stop Interrupting;4;11;FR10S1566884;Europe;France
The Grave feat. Gabriella Hook - Original Mix;Apashe;The Grave;5;32;CA5KR1055064;North America;Canada
We Come in Peace - Talpa Remix;Liquid Soul;Goa Summer 2016;5;51;DEQ121639714;Europe;Germany
Longtime - Original Mix;Ricky Tuff;Hard Drugs;4;57;USLZJ1395452;North America;United States of America
Eargasm - Original Mix;Sleepin' Is Cheatin;Eargasm;5;18;GBKQU1223589;Europe;United Kingdom
Harmony;Hi Profile;Goa Beach, Vol. 26;7;10;GBBYB1501945;Europe;United Kingdom
If Life Was A Thing;DJ Vadim;Dubcatcher;4;33;GBEQT1400061;Europe;United Kingdom
Mediterranean;Hi Profile;Goa Beach, Vol. 28;7;01;GBBYB1602389;Europe;United Kingdom
Ayahuasca - Original Mix;1200 Micrograms;1200 Micrograms;9;02;GBKQU1431150;Europe;United Kingdom
Hypnotic Energy;Liquid Soul;Works;8;30;DEBL61133373;Europe;Germany
Tantra;Chapeleiro;The best of 2013;7;18;USLZJ1301647;North America;United States of America
Notorious;Malaa;Notorious;4;31;USLD90817295;North America;United States of America
Deep Jungle Walk;Astrix;He.art;9;16;USA2P1611449;North America;United States of America
Phoneline;illusionize;Phoneline;5;47;DEEE71600747;Europe;Germany
Alteza;Vini Vici;Future Classics;7;52;DKZVA1560769;Europe;Denmark
Shantex - Original Mix;Mandragora;Aladin;5;36;GBLV61520626;Europe;United Kingdom
Human;Neelix;Human;7;57;DEKC41500009;Europe;Germany
Grand Tokyo Buffet;Mandragora;Salamandra;5;21;GBLV61637837;Europe;United Kingdom
Universe Inside Me;Liquid Soul;Universe Inside Me;8;02;DKZVA1661153;Europe;Denmark
Machines in Heaven;Hi Profile;Goa Beach, Vol. 27;8;16;GBBYB1502049;Europe;United Kingdom
Giratina;Dimatik;Giratina;4;41;AUCN31208412;Oceania;Australia
Gorilla;Kill Frenzy;Taylr Swft;5;35;US75Z1410058;North America;United States of America
Liberal Opposer;Kabaka Pyramid;Lead The Way;4;09;JMJ531300006;North America;Jamaica
My Game;The Beatangers;Do The Funk EP;5;52;DEZ651350480;Europe;Germany
Eto Pump;XS Project;Eto Pump;4;59;TCACZ1706321;North America;Turks and Caicos Islands
Rock Your Body - Original Mix;Woo2Tech;Summer Weapons Vol.1;6;28;BRQT61300044;South America;Brazil
Psychedellic Illumination (Ekuneil Remix) - Ekuneil Remix;Mandragora;Psychedellic Illumination (Ekuneil Remix);6;14;USLZJ1721087;North America;United States of America
Meanwhile in Russia (Take Me to Russia);XS Project;Meanwhile in Russia (Take Me to Russia);4;24;TCACZ1746931;North America;Turks and Caicos Islands
Formula One;Mattiv;Formula One;4;11;GB-SMU-26-78307;Europe;United Kingdom
Coltrane;Format:B;Coltrane feat. Chris The Voice;7;27;DEMI31300049;Europe;Germany
Way Of The Warrior;James Marvel;Way Of The Warrior;4;53;GB2LD0902057;Europe;United Kingdom
Sunday Crunk - Mefjus Remix;Ivy Lab;MEF:LAB;3;48;GBVPL1500016;Europe;United Kingdom
Sanitatek;Ketamane OSC';Sanitatek;4;51;NLPM11512483;Europe;Netherlands
That Good Ship;AllttA;The Upper Hand;4;02;FR9T31600006;Europe;France
Before - Neelix Well Done Remix;Vök;Well Done;8;18;DEKC41600021;Europe;Germany
Eclipse;Billx;Eclipse;5;54;FR0U91501650;Europe;France
Fire;The Oddword;Fire;4;00;DEEN71100100;Europe;Germany
Veneno - Tropkillaz Remix;Beauty Brain;Veneno (Tropkillaz Remix);3;28;BRECI1500079;South America;Brazil
Balkan;Omiki;Balkan;6;27;DEKC41600130;Europe;Germany
Come To India;Indra;Killer Machine;7;24;USA2P0767341;North America;United States of America
Parallel Universe;Vini Vici;Parallel Universe / Expender;8;09;DKZVA1460450;Europe;Denmark
Smack - Waio Remix;Simon Patterson;Smack (Waio Remix);8;13;NLD681601351;Europe;Netherlands
Tidal;Zyce;Tidal;6;36;GBKQU1713070;Europe;United Kingdom
Shiva - Original Mix;Zyce;The Fifth Dimension;6;43;GBKQU1655570;Europe;United Kingdom
Louder;XS Project;Louder;4;26;TCACS1653276;North America;Turks and Caicos Islands
Jungle Consumes Everything;Annix;Jungle Consumes Everything;4;04;GBLSB1600055;Europe;United Kingdom
Bad Mnnrs;MNNR;Bad Mnnrs - Single;3;26;QMWZB1611726;missing;missing
Drugs;Matty Lincoln;Drugs;4;40;DEY470916447;Europe;Germany
Slice & Dice;Dj Guv;Slice & Dice;4;37;GB8KE1356925;Europe;United Kingdom
London Baby! - Original Mix;Michael Woods;London Baby!;5;34;UKAPN1500014;missing;missing
Bayaka;Berg;Aurora;7;01;DEGA21602075;Europe;Germany
Zakladki;XS Project;Zakladki;5;03;TCADA1748067;North America;Turks and Caicos Islands
Pranava;Ace Ventura;Paradise Engineering;9;44;DKZVA1560812;Europe;Denmark
Crank It Loud;Will Sparks;Crank It Loud;4;11;AUNV01600809;Oceania;Australia
Snakes in Tracksuits;Gopnik McBlyat;Snakes in Tracksuits;4;20;TCACQ1675366;North America;Turks and Caicos Islands
Asato - Mark Dekoda Remix;Shanti People;Asato;3;28;ITD451600391;Europe;Italy
Answer From The Stars - Mandragora Remix;Vegas (Brazil);Answer From The Stars;5;30;GBLV61520717;Europe;United Kingdom
Indica - Original Mix;Dzp;Indica;6;17;GBKQU1694641;Europe;United Kingdom
Nasty Girl;Aggz;Unmistakable - EP;5;14;BGA261382802;Europe;Bulgaria
Varanasi - Original Mix;Kalki;Varanasi;6;23;GBLV61606333;Europe;United Kingdom
A Mi Lado;Taiwan MC;Cool & Deadly;4;02;FRP7S1600030;Europe;France
Tut Tut;Michael Woods;Tut Tut;2;38;UKAPN1700005;missing;missing
Golden Egg;The Inexplicables;Proper Gander;3;58;TCACL1628765;North America;Turks and Caicos Islands
Stories and Tales;Subculture Sage;Subculture Sage - EP;3;15;FR4GL1110436;Europe;France
Bhangra;Two Birds;Bhangra;3;39;QMPKX1753124;missing;missing
Dancing Gnomes - Original Mix;Mandragora;Dancing Gnomes;5;15;GBKQU1608108;Europe;United Kingdom
Tandava - Blazy & Gottinari Remix;Shanti People;Tandava (Blazy & Gottinari Remix);5;12;GBLV61641870;Europe;United Kingdom
Bass Inside;AC Slater;Bass Inside;4;24;USAT21601116;North America;United States of America
Alright - Tropkillaz Remix;Tommie Sunshine;Alright (Remixes);3;52;USUS11203491;North America;United States of America
Three Two One - Original Mix;Sonny Moko;Three Two One;4;19;GBLV61402852;Europe;United Kingdom
Befehlskette;Lemur;Geräusche;4;13;DEZ901401069;Europe;Germany
Sorry I Am Late - Summer 2016 Version;Kollektiv Turmstrasse;Sorry I Am Late (Summer 2016 Version);3;44;DEDH71600053;Europe;Germany
Mala - Original Mix;Tropical Bleyage;Constant Present;7;24;GBKQU1548572;Europe;United Kingdom
Колибри;Kavabanga & Depo & Kolibri with MiyaGi;KDKin;4;32;QMPU51284927;missing;missing
Toccata;Belik Boom;Best of Belik;7;27;UKACT1650531;missing;missing
Black Widow;Macky Gee;Liondub Street Series, Vol. 11 - Black Widow;4;29;QMKKH1500010;missing;missing
3rd Eye;Morten Granau;3rd Eye;7;24;DKZVA1460578;Europe;Denmark
AMK;Commodo;Volume 1;4;52;GBZU14000028;Europe;United Kingdom
Lordly - Instrumental Mix;Feder;Lordly (feat. Alex Aiono) [Remix EP];4;33;FRZ041601500;Europe;France
Mystique - Antoine Delvig Edit;Gregori Hawk;Mystique (Antoine Delvig Edit);4;08;GB3CE1500027;Europe;United Kingdom
Hard Bop;Ego Trippin;Hard Bop / Sight N Soundz;4;47;GB8KE1650581;Europe;United Kingdom
Giant killa bees;Logan D;London;4;31;GB8KE1559992;Europe;United Kingdom
Thrill Seekers;Ego Trippin;Train Wreck;5;32;GB8KE1651964;Europe;United Kingdom
Love Drug;Die Antwoord;Love Drug;4;11;GBWWP1702813;Europe;United Kingdom
Professor Kislih Shey;Hard Bass School;Professor Kislih Shey;4;24;QMPKX1792800;missing;missing
DJ Cotty Deep Sensations Episode 1;DJ Cotty;DJ Cotty Deep Sensations Vol.1;4;02;GBLFP1528932;Europe;United Kingdom
Gopnik;DJ Blyatman;Hardkvas;3;12;QMPKX1727545;missing;missing
Public Service Announcement;S3RL;Public Service Announcement;3;25;AU8N01100050;Oceania;Australia
Notorious - Vital Elements Mix;Nanci & Phoebe;Notorious (feat. Congo Natty);5;21;GBCB15000001;Europe;United Kingdom
The Nux;Hard Bass School;Hard Bass School;4;27;FR2X41630686;Europe;France
Activation - Original Mix;Aura Vortex;Activation;5;40;GBKQU1665325;Europe;United Kingdom
Bad Love (Esh Remix);Vice;Bad Love (Remixes);5;40;USLD90813507;North America;United States of America
Alien;Die Antwoord;Mount Ninji and da Nice Time Kid;4;17;GBWWP1602024;Europe;United Kingdom
Mad;Mandragora;Mad;4;06;QM2PV1708816;missing;missing
In & Out;Vini Vici;Hologram;8;07;DKZVA1761335;Europe;Denmark
Thousand Words;Mandragora;Salamandra;5;29;GBLV61637833;Europe;United Kingdom
Keep In Mind - Original Mix;Indianix;Keep In Mind;7;00;GBKQU1690938;Europe;United Kingdom
Lehetsz Király - A Rómeó És Júlia c. Musicalböl;Zserbó;Nagy Zserbó Lemez;4;00;HUAC60502250;Europe;Hungary
Dinosaur Killer;Mandragora;Salamandra;5;29;GBLV61637834;Europe;United Kingdom
Divine Moments of Truth - Astrix, Loud & L.S.D Remix;Shpongle;Divine Moments of Truth (Astrix, Loud & L.S.D Remix);10;00;USQY51719563;North America;United States of America
Krishna (feat Ankit Sharda);Omiki;Krishna;6;41;DEKC41700021;Europe;Germany
Sarva Mangalam;Shanti People;Urban Mantra III;4;17;AUAL12000112;Oceania;Australia
12 Inch - Picco Mix;Dave Darell;12 Inch;4;38;DEZ381500061;Europe;Germany
All Ganja Man;Aliman;All Ganja Man / Stompa;4;32;GB8KE1301080;Europe;United Kingdom
I.M Legend - Original Mix;Yahel;Time Travel;5;57;GBKQU1549428;Europe;United Kingdom
Petrunko Bulgaria;Trap City ME;Trap All Time;5;09;QZ4JJ1629731;missing;missing
Flamingo;Infected Mushroom;Return to the Sauce;8;44;USQY51700344;North America;United States of America
Man Brain Live;Belik Boom;Best of Belik;8;05;UKACT1650527;missing;missing
Davadeva;Groundbass;Davadeva;5;57;TCADA1728654;North America;Turks and Caicos Islands
Inequality - Chapeleiro Remix;Major7;Inequality Remixes;5;28;GBLV61501291;Europe;United Kingdom
We Don't Need No Sleep;Croatia Squad;We Don't Need No Sleep;3;10;CH3131613215;Europe;Switzerland
Wonderland;Ñarkiš;Wonderland;7;13;QZS1Z1602481;missing;missing
Okay;Shiba San;Okay;5;59;US75Z1410001;North America;United States of America
No Rules;X-Noize;No Rules;6;43;BEY921507273;Europe;Belgium
Rocket Bunny;Format:B;Rocket Bunny;6;17;DEMI31500085;Europe;Germany
Bolghar;Dang3r;Bolghar;6;21;GBKQU1709031;Europe;United Kingdom
Sentidos;Groundbass;Sentidos;6;32;TCACY1705749;North America;Turks and Caicos Islands
Hit 'N' Run;Skazi;Total Anarchy;7;38;USA560977278;North America;United States of America
Dust It Off;Capital Monkey;Adhana;8;02;GBLV61639027;Europe;United Kingdom
Weed - Original Mix;Eight Sin;VIVA;6;06;GBKQU1608102;Europe;United Kingdom
Shakty - Tribute Mix;4i20;Shakty (Tribute Mix);5;52;GBKQU1760359;Europe;United Kingdom
I Don't Have A Job - Almost Famous Remix;Mandragora;I Don't Have A Job;4;48;GBKQU1466134;Europe;United Kingdom
